sample_name,type,flowcell,lane,file,ega_id
SJCBF016,D,C0DG1ACXX,5,SJCBF016_D-C0DG1ACXX.5.bam.cip,EGAF00000879120
SJCBF016,D,C0DG1ACXX,6,SJCBF016_D-C0DG1ACXX.6.bam.cip,EGAF00000879121
SJCBF016,G,C0DG1ACXX,5,SJCBF016_G-C0DG1ACXX.5.bam.cip,EGAF00000879122
SJCBF016,G,C0DG1ACXX,6,SJCBF016_G-C0DG1ACXX.6.bam.cip,EGAF00000879123
SJCBF017,D,D0ML7ACXX,2,SJCBF017_D-D0ML7ACXX.2.bam.cip,EGAF00000879124
SJCBF017,D,D0ML7ACXX,3,SJCBF017_D-D0ML7ACXX.3.bam.cip,EGAF00000879125
SJCBF017,G,D0ML7ACXX,2,SJCBF017_G-D0ML7ACXX.2.bam.cip,EGAF00000879126
SJCBF017,G,D0ML7ACXX,3,SJCBF017_G-D0ML7ACXX.3.bam.cip,EGAF00000879127
SJCBF027,D,D0ML7ACXX,2,SJCBF027_D-D0ML7ACXX.2.bam.cip,EGAF00000879128
SJCBF027,D,D0ML7ACXX,3,SJCBF027_D-D0ML7ACXX.3.bam.cip,EGAF00000879129
SJCBF027,G,D0ML7ACXX,2,SJCBF027_G-D0ML7ACXX.2.bam.cip,EGAF00000879130
SJCBF027,G,D0ML7ACXX,3,SJCBF027_G-D0ML7ACXX.3.bam.cip,EGAF00000879131
SJCBF028,D,D0ML7ACXX,2,SJCBF028_D-D0ML7ACXX.2.bam.cip,EGAF00000879132
SJCBF028,D,D0ML7ACXX,3,SJCBF028_D-D0ML7ACXX.3.bam.cip,EGAF00000879133
SJCBF028,G,D0ML7ACXX,2,SJCBF028_G-D0ML7ACXX.2.bam.cip,EGAF00000879134
SJCBF028,G,D0ML7ACXX,3,SJCBF028_G-D0ML7ACXX.3.bam.cip,EGAF00000879135
SJCBF029,D,D0ML7ACXX,5,SJCBF029_D-D0ML7ACXX.5.bam.cip,EGAF00000879136
SJCBF029,D,D0ML7ACXX,6,SJCBF029_D-D0ML7ACXX.6.bam.cip,EGAF00000879137
SJCBF029,G,D0ML7ACXX,5,SJCBF029_G-D0ML7ACXX.5.bam.cip,EGAF00000879138
SJCBF029,G,D0ML7ACXX,6,SJCBF029_G-D0ML7ACXX.6.bam.cip,EGAF00000879139
SJCBF030,D,D0ML7ACXX,5,SJCBF030_D-D0ML7ACXX.5.bam.cip,EGAF00000879140
SJCBF030,D,D0ML7ACXX,6,SJCBF030_D-D0ML7ACXX.6.bam.cip,EGAF00000879141
SJCBF030,G,D0ML7ACXX,5,SJCBF030_G-D0ML7ACXX.5.bam.cip,EGAF00000879142
SJCBF030,G,D0ML7ACXX,6,SJCBF030_G-D0ML7ACXX.6.bam.cip,EGAF00000879143
SJCBF031,D,D0ML7ACXX,7,SJCBF031_D-D0ML7ACXX.7.bam.cip,EGAF00000879144
SJCBF031,D,D0ML7ACXX,8,SJCBF031_D-D0ML7ACXX.8.bam.cip,EGAF00000879145
SJCBF031,G,D0ML7ACXX,7,SJCBF031_G-D0ML7ACXX.7.bam.cip,EGAF00000879146
SJCBF031,G,D0ML7ACXX,8,SJCBF031_G-D0ML7ACXX.8.bam.cip,EGAF00000879147
SJCBF032,D,D0ML7ACXX,7,SJCBF032_D-D0ML7ACXX.7.bam.cip,EGAF00000879148
SJCBF032,D,D0ML7ACXX,8,SJCBF032_D-D0ML7ACXX.8.bam.cip,EGAF00000879149
SJCBF032,G,D0ML7ACXX,7,SJCBF032_G-D0ML7ACXX.7.bam.cip,EGAF00000879150
SJCBF032,G,D0ML7ACXX,8,SJCBF032_G-D0ML7ACXX.8.bam.cip,EGAF00000879151
SJCBF033,D,D0ML7ACXX,7,SJCBF033_D-D0ML7ACXX.7.bam.cip,EGAF00000879152
SJCBF033,D,D0ML7ACXX,8,SJCBF033_D-D0ML7ACXX.8.bam.cip,EGAF00000879153
SJCBF033,G,D0ML7ACXX,7,SJCBF033_G-D0ML7ACXX.7.bam.cip,EGAF00000879154
SJCBF033,G,D0ML7ACXX,8,SJCBF033_G-D0ML7ACXX.8.bam.cip,EGAF00000879155
SJCBF034,D,C0697ACXX,1,SJCBF034_D-C0697ACXX.1.bam.cip,EGAF00000879156
SJCBF034,D,C0697ACXX,2,SJCBF034_D-C0697ACXX.2.bam.cip,EGAF00000879157
SJCBF034,G,C0697ACXX,1,SJCBF034_G-C0697ACXX.1.bam.cip,EGAF00000879158
SJCBF034,G,C0697ACXX,2,SJCBF034_G-C0697ACXX.2.bam.cip,EGAF00000879159
SJCBF035,D,C0697ACXX,1,SJCBF035_D-C0697ACXX.1.bam.cip,EGAF00000879160
SJCBF035,D,C0697ACXX,2,SJCBF035_D-C0697ACXX.2.bam.cip,EGAF00000879161
SJCBF035,G,C0697ACXX,1,SJCBF035_G-C0697ACXX.1.bam.cip,EGAF00000879162
SJCBF035,G,C0697ACXX,2,SJCBF035_G-C0697ACXX.2.bam.cip,EGAF00000879163
SJCBF036,D,C0697ACXX,1,SJCBF036_D-C0697ACXX.1.bam.cip,EGAF00000879164
SJCBF036,D,C0697ACXX,2,SJCBF036_D-C0697ACXX.2.bam.cip,EGAF00000879165
SJCBF036,G,C0697ACXX,1,SJCBF036_G-C0697ACXX.1.bam.cip,EGAF00000879166
SJCBF036,G,C0697ACXX,2,SJCBF036_G-C0697ACXX.2.bam.cip,EGAF00000879167
SJCBF037,D,C0697ACXX,3,SJCBF037_D-C0697ACXX.3.bam.cip,EGAF00000879168
SJCBF037,D,C0697ACXX,5,SJCBF037_D-C0697ACXX.5.bam.cip,EGAF00000879169
SJCBF037,G,C0697ACXX,3,SJCBF037_G-C0697ACXX.3.bam.cip,EGAF00000879170
SJCBF037,G,C0697ACXX,5,SJCBF037_G-C0697ACXX.5.bam.cip,EGAF00000879171
SJCBF038,D,C0697ACXX,3,SJCBF038_D-C0697ACXX.3.bam.cip,EGAF00000879172
SJCBF038,D,C0697ACXX,5,SJCBF038_D-C0697ACXX.5.bam.cip,EGAF00000879173
SJCBF038,G,C0697ACXX,3,SJCBF038_G-C0697ACXX.3.bam.cip,EGAF00000879174
SJCBF038,G,C0697ACXX,5,SJCBF038_G-C0697ACXX.5.bam.cip,EGAF00000879175
SJCBF039,D,C0697ACXX,3,SJCBF039_D-C0697ACXX.3.bam.cip,EGAF00000879176
SJCBF039,D,C0697ACXX,5,SJCBF039_D-C0697ACXX.5.bam.cip,EGAF00000879177
SJCBF039,G,C0697ACXX,3,SJCBF039_G-C0697ACXX.3.bam.cip,EGAF00000879178
SJCBF039,G,C0697ACXX,5,SJCBF039_G-C0697ACXX.5.bam.cip,EGAF00000879179
SJCBF040,D,C0697ACXX,6,SJCBF040_D-C0697ACXX.6.bam.cip,EGAF00000879180
SJCBF040,D,C0697ACXX,7,SJCBF040_D-C0697ACXX.7.bam.cip,EGAF00000879181
SJCBF040,G,C0697ACXX,6,SJCBF040_G-C0697ACXX.6.bam.cip,EGAF00000879182
SJCBF040,G,C0697ACXX,7,SJCBF040_G-C0697ACXX.7.bam.cip,EGAF00000879183
SJCBF041,D,C0697ACXX,6,SJCBF041_D-C0697ACXX.6.bam.cip,EGAF00000879184
SJCBF041,D,C0697ACXX,7,SJCBF041_D-C0697ACXX.7.bam.cip,EGAF00000879185
SJCBF041,G,C0697ACXX,6,SJCBF041_G-C0697ACXX.6.bam.cip,EGAF00000879186
SJCBF041,G,C0697ACXX,7,SJCBF041_G-C0697ACXX.7.bam.cip,EGAF00000879187
SJCBF042,D,C0697ACXX,6,SJCBF042_D-C0697ACXX.6.bam.cip,EGAF00000879188
SJCBF042,D,C0697ACXX,7,SJCBF042_D-C0697ACXX.7.bam.cip,EGAF00000879189
SJCBF042,G,C0697ACXX,6,SJCBF042_G-C0697ACXX.6.bam.cip,EGAF00000879190
SJCBF042,G,C0697ACXX,7,SJCBF042_G-C0697ACXX.7.bam.cip,EGAF00000879191
SJCBF043,D,C0697ACXX,8,SJCBF043_D-C0697ACXX.8.bam.cip,EGAF00000879192
SJCBF043,D,C0DG1ACXX,1,SJCBF043_D-C0DG1ACXX.1.bam.cip,EGAF00000879193
SJCBF043,G,C0697ACXX,8,SJCBF043_G-C0697ACXX.8.bam.cip,EGAF00000879194
SJCBF043,G,C0DG1ACXX,1,SJCBF043_G-C0DG1ACXX.1.bam.cip,EGAF00000879195
SJCBF044,D,C0697ACXX,8,SJCBF044_D-C0697ACXX.8.bam.cip,EGAF00000879196
SJCBF044,D,C0DG1ACXX,1,SJCBF044_D-C0DG1ACXX.1.bam.cip,EGAF00000879197
SJCBF044,G,C0697ACXX,8,SJCBF044_G-C0697ACXX.8.bam.cip,EGAF00000879198
SJCBF044,G,C0DG1ACXX,1,SJCBF044_G-C0DG1ACXX.1.bam.cip,EGAF00000879199
SJCBF090,D,D10PHACXX,3,SJCBF090_D-D10PHACXX.3.bam.cip,EGAF00000879200
SJCBF090,D,D10PHACXX,4,SJCBF090_D-D10PHACXX.4.bam.cip,EGAF00000879201
SJCBF090,G,D10PHACXX,5,SJCBF090_G-D10PHACXX.5.bam.cip,EGAF00000879202
SJCBF090,G,D10PHACXX,6,SJCBF090_G-D10PHACXX.6.bam.cip,EGAF00000879203
SJCBF091,D,D10PHACXX,5,SJCBF091_D-D10PHACXX.5.bam.cip,EGAF00000879204
SJCBF091,D,D10PHACXX,6,SJCBF091_D-D10PHACXX.6.bam.cip,EGAF00000879205
SJCBF091,G,D10PHACXX,5,SJCBF091_G-D10PHACXX.5.bam.cip,EGAF00000879206
SJCBF091,G,D10PHACXX,6,SJCBF091_G-D10PHACXX.6.bam.cip,EGAF00000879207
SJCBF092,D,D10PHACXX,5,SJCBF092_D-D10PHACXX.5.bam.cip,EGAF00000879208
SJCBF092,D,D10PHACXX,6,SJCBF092_D-D10PHACXX.6.bam.cip,EGAF00000879209
SJCBF092,G,D10PHACXX,5,SJCBF092_G-D10PHACXX.5.bam.cip,EGAF00000879210
SJCBF092,G,D10PHACXX,6,SJCBF092_G-D10PHACXX.6.bam.cip,EGAF00000879211
SJCBF093,D,D10PHACXX,5,SJCBF093_D-D10PHACXX.5.bam.cip,EGAF00000879212
SJCBF093,D,D10PHACXX,6,SJCBF093_D-D10PHACXX.6.bam.cip,EGAF00000879213
SJCBF093,G,D10PHACXX,7,SJCBF093_G-D10PHACXX.7.bam.cip,EGAF00000879214
SJCBF093,G,D10PHACXX,8,SJCBF093_G-D10PHACXX.8.bam.cip,EGAF00000879215
SJCBF094,D,D10PHACXX,7,SJCBF094_D-D10PHACXX.7.bam.cip,EGAF00000879216
SJCBF094,D,D10PHACXX,8,SJCBF094_D-D10PHACXX.8.bam.cip,EGAF00000879217
SJCBF094,G,D10PHACXX,7,SJCBF094_G-D10PHACXX.7.bam.cip,EGAF00000879218
SJCBF094,G,D10PHACXX,8,SJCBF094_G-D10PHACXX.8.bam.cip,EGAF00000879219
SJCBF096,D,D10PHACXX,7,SJCBF096_D-D10PHACXX.7.bam.cip,EGAF00000879224
SJCBF096,D,D10PHACXX,8,SJCBF096_D-D10PHACXX.8.bam.cip,EGAF00000879225
SJCBF096,G,D10PMACXX,1,SJCBF096_G-D10PMACXX.1.bam.cip,EGAF00000879226
SJCBF096,G,D10PMACXX,2,SJCBF096_G-D10PMACXX.2.bam.cip,EGAF00000879227
SJCBF099,D,D10PMACXX,1,SJCBF099_D-D10PMACXX.1.bam.cip,EGAF00000879237
SJCBF099,D,D10PMACXX,2,SJCBF099_D-D10PMACXX.2.bam.cip,EGAF00000879238
SJCBF099,G,D10PMACXX,3,SJCBF099_G-D10PMACXX.3.bam.cip,EGAF00000879239
SJCBF099,G,D10PMACXX,4,SJCBF099_G-D10PMACXX.4.bam.cip,EGAF00000879240
SJCBF100,D,D10PMACXX,3,SJCBF100_D-D10PMACXX.3.bam.cip,EGAF00000879241
SJCBF100,D,D10PMACXX,4,SJCBF100_D-D10PMACXX.4.bam.cip,EGAF00000879242
SJCBF100,G,D10PMACXX,3,SJCBF100_G-D10PMACXX.3.bam.cip,EGAF00000879243
SJCBF100,G,D10PMACXX,4,SJCBF100_G-D10PMACXX.4.bam.cip,EGAF00000879244
SJCBF101,D,D10PMACXX,3,SJCBF101_D-D10PMACXX.3.bam.cip,EGAF00000879245
SJCBF101,D,D10PMACXX,4,SJCBF101_D-D10PMACXX.4.bam.cip,EGAF00000879246
SJCBF101,G,D10PMACXX,3,SJCBF101_G-D10PMACXX.3.bam.cip,EGAF00000879247
SJCBF101,G,D10PMACXX,4,SJCBF101_G-D10PMACXX.4.bam.cip,EGAF00000879248
SJCBF102,D,D10PMACXX,3,SJCBF102_D-D10PMACXX.3.bam.cip,EGAF00000879249
SJCBF102,D,D10PMACXX,4,SJCBF102_D-D10PMACXX.4.bam.cip,EGAF00000879250
SJCBF102,G,D10PMACXX,5,SJCBF102_G-D10PMACXX.5.bam.cip,EGAF00000879251
SJCBF102,G,D10PMACXX,6,SJCBF102_G-D10PMACXX.6.bam.cip,EGAF00000879252
SJCBF103,D,D10PMACXX,5,SJCBF103_D-D10PMACXX.5.bam.cip,EGAF00000879253
SJCBF103,D,D10PMACXX,6,SJCBF103_D-D10PMACXX.6.bam.cip,EGAF00000879254
SJCBF103,G,D10PMACXX,5,SJCBF103_G-D10PMACXX.5.bam.cip,EGAF00000879255
SJCBF103,G,D10PMACXX,6,SJCBF103_G-D10PMACXX.6.bam.cip,EGAF00000879256
SJCBF104,D,D10PMACXX,5,SJCBF104_D-D10PMACXX.5.bam.cip,EGAF00000879257
SJCBF104,D,D10PMACXX,6,SJCBF104_D-D10PMACXX.6.bam.cip,EGAF00000879258
SJCBF104,G,D10PMACXX,5,SJCBF104_G-D10PMACXX.5.bam.cip,EGAF00000879259
SJCBF104,G,D10PMACXX,6,SJCBF104_G-D10PMACXX.6.bam.cip,EGAF00000879260
SJCBF105,D,D10PMACXX,5,SJCBF105_D-D10PMACXX.5.bam.cip,EGAF00000879261
SJCBF105,D,D10PMACXX,6,SJCBF105_D-D10PMACXX.6.bam.cip,EGAF00000879262
SJCBF105,G,D10PMACXX,7,SJCBF105_G-D10PMACXX.7.bam.cip,EGAF00000879263
SJCBF105,G,D10PMACXX,8,SJCBF105_G-D10PMACXX.8.bam.cip,EGAF00000879264
SJCBF106,D,D10PMACXX,7,SJCBF106_D-D10PMACXX.7.bam.cip,EGAF00000879265
SJCBF106,D,D10PMACXX,8,SJCBF106_D-D10PMACXX.8.bam.cip,EGAF00000879266
SJCBF106,G,D10PMACXX,7,SJCBF106_G-D10PMACXX.7.bam.cip,EGAF00000879267
SJCBF106,G,D10PMACXX,8,SJCBF106_G-D10PMACXX.8.bam.cip,EGAF00000879268
SJCBF107,D,D10PMACXX,7,SJCBF107_D-D10PMACXX.7.bam.cip,EGAF00000879269
SJCBF107,D,D10PMACXX,8,SJCBF107_D-D10PMACXX.8.bam.cip,EGAF00000879270
SJCBF107,G,D10PMACXX,7,SJCBF107_G-D10PMACXX.7.bam.cip,EGAF00000879271
SJCBF107,G,D10PMACXX,8,SJCBF107_G-D10PMACXX.8.bam.cip,EGAF00000879272
SJCBF108,D,D10PMACXX,7,SJCBF108_D-D10PMACXX.7.bam.cip,EGAF00000879273
SJCBF108,D,D10PMACXX,8,SJCBF108_D-D10PMACXX.8.bam.cip,EGAF00000879274
SJCBF108,G,C0T14ACXX,1,SJCBF108_G-C0T14ACXX.1.bam.cip,EGAF00000879275
SJCBF108,G,C0T14ACXX,2,SJCBF108_G-C0T14ACXX.2.bam.cip,EGAF00000879276
SJCBF109,D,C0T14ACXX,1,SJCBF109_D-C0T14ACXX.1.bam.cip,EGAF00000879277
SJCBF109,D,C0T14ACXX,2,SJCBF109_D-C0T14ACXX.2.bam.cip,EGAF00000879278
SJCBF109,G,C0T14ACXX,1,SJCBF109_G-C0T14ACXX.1.bam.cip,EGAF00000879279
SJCBF109,G,C0T14ACXX,2,SJCBF109_G-C0T14ACXX.2.bam.cip,EGAF00000879280
SJCBF110,D,C0T14ACXX,1,SJCBF110_D-C0T14ACXX.1.bam.cip,EGAF00000879281
SJCBF110,D,C0T14ACXX,2,SJCBF110_D-C0T14ACXX.2.bam.cip,EGAF00000879282
SJCBF110,G,C0T14ACXX,1,SJCBF110_G-C0T14ACXX.1.bam.cip,EGAF00000879283
SJCBF110,G,C0T14ACXX,2,SJCBF110_G-C0T14ACXX.2.bam.cip,EGAF00000879284
SJCBF111,D,C0T14ACXX,1,SJCBF111_D-C0T14ACXX.1.bam.cip,EGAF00000879285
SJCBF111,D,C0T14ACXX,2,SJCBF111_D-C0T14ACXX.2.bam.cip,EGAF00000879286
SJCBF111,G,C0T14ACXX,3,SJCBF111_G-C0T14ACXX.3.bam.cip,EGAF00000879287
SJCBF111,G,C0T14ACXX,4,SJCBF111_G-C0T14ACXX.4.bam.cip,EGAF00000879288
SJCBF112,D,C0T14ACXX,3,SJCBF112_D-C0T14ACXX.3.bam.cip,EGAF00000879289
SJCBF112,D,C0T14ACXX,4,SJCBF112_D-C0T14ACXX.4.bam.cip,EGAF00000879290
SJCBF112,G,C0T14ACXX,3,SJCBF112_G-C0T14ACXX.3.bam.cip,EGAF00000879291
SJCBF112,G,C0T14ACXX,4,SJCBF112_G-C0T14ACXX.4.bam.cip,EGAF00000879292
SJCBF113,D,C0T14ACXX,3,SJCBF113_D-C0T14ACXX.3.bam.cip,EGAF00000879293
SJCBF113,D,C0T14ACXX,4,SJCBF113_D-C0T14ACXX.4.bam.cip,EGAF00000879294
SJCBF113,G,C0T14ACXX,3,SJCBF113_G-C0T14ACXX.3.bam.cip,EGAF00000879295
SJCBF113,G,C0T14ACXX,4,SJCBF113_G-C0T14ACXX.4.bam.cip,EGAF00000879296
SJCBF114,D,C0T14ACXX,3,SJCBF114_D-C0T14ACXX.3.bam.cip,EGAF00000879297
SJCBF114,D,C0T14ACXX,4,SJCBF114_D-C0T14ACXX.4.bam.cip,EGAF00000879298
SJCBF114,G,C0T14ACXX,5,SJCBF114_G-C0T14ACXX.5.bam.cip,EGAF00000879299
SJCBF114,G,C0T14ACXX,6,SJCBF114_G-C0T14ACXX.6.bam.cip,EGAF00000879300
SJCBF116,D,C0T14ACXX,5,SJCBF116_D-C0T14ACXX.5.bam.cip,EGAF00000879301
SJCBF116,D,C0T14ACXX,6,SJCBF116_D-C0T14ACXX.6.bam.cip,EGAF00000879302
SJCBF116,G,C0T14ACXX,5,SJCBF116_G-C0T14ACXX.5.bam.cip,EGAF00000879303
SJCBF116,G,C0T14ACXX,6,SJCBF116_G-C0T14ACXX.6.bam.cip,EGAF00000879304
SJCBF117,D,C0T14ACXX,5,SJCBF117_D-C0T14ACXX.5.bam.cip,EGAF00000879305
SJCBF117,D,C0T14ACXX,6,SJCBF117_D-C0T14ACXX.6.bam.cip,EGAF00000879306
SJCBF117,G,C0T14ACXX,5,SJCBF117_G-C0T14ACXX.5.bam.cip,EGAF00000879307
SJCBF117,G,C0T14ACXX,6,SJCBF117_G-C0T14ACXX.6.bam.cip,EGAF00000879308
SJCBF118,D,C0T14ACXX,7,SJCBF118_D-C0T14ACXX.7.bam.cip,EGAF00000879309
SJCBF118,D,C0T14ACXX,8,SJCBF118_D-C0T14ACXX.8.bam.cip,EGAF00000879310
SJCBF118,G,C0T14ACXX,7,SJCBF118_G-C0T14ACXX.7.bam.cip,EGAF00000879311
SJCBF118,G,C0T14ACXX,8,SJCBF118_G-C0T14ACXX.8.bam.cip,EGAF00000879312
SJCBF120,D,C0T14ACXX,7,SJCBF120_D-C0T14ACXX.7.bam.cip,EGAF00000879313
SJCBF120,D,C0T14ACXX,8,SJCBF120_D-C0T14ACXX.8.bam.cip,EGAF00000879314
SJCBF120,G,C0T14ACXX,7,SJCBF120_G-C0T14ACXX.7.bam.cip,EGAF00000879315
SJCBF120,G,C0T14ACXX,8,SJCBF120_G-C0T14ACXX.8.bam.cip,EGAF00000879316
SJCBF121,D,C0T14ACXX,7,SJCBF121_D-C0T14ACXX.7.bam.cip,EGAF00000879317
SJCBF121,D,C0T14ACXX,8,SJCBF121_D-C0T14ACXX.8.bam.cip,EGAF00000879318
SJCBF121,G,C0VN9ACXX,1,SJCBF121_G-C0VN9ACXX.1.bam.cip,EGAF00000879319
SJCBF121,G,C0VN9ACXX,2,SJCBF121_G-C0VN9ACXX.2.bam.cip,EGAF00000879320
SJCBF123,D,C0VN9ACXX,1,SJCBF123_D-C0VN9ACXX.1.bam.cip,EGAF00000879325
SJCBF123,D,C0VN9ACXX,2,SJCBF123_D-C0VN9ACXX.2.bam.cip,EGAF00000879326
SJCBF123,G,C0VN9ACXX,1,SJCBF123_G-C0VN9ACXX.1.bam.cip,EGAF00000879327
SJCBF123,G,C0VN9ACXX,2,SJCBF123_G-C0VN9ACXX.2.bam.cip,EGAF00000879328
SJCBF124,D,C0VN9ACXX,1,SJCBF124_D-C0VN9ACXX.1.bam.cip,EGAF00000879329
SJCBF124,D,C0VN9ACXX,2,SJCBF124_D-C0VN9ACXX.2.bam.cip,EGAF00000879330
SJCBF124,G,C0VN9ACXX,3,SJCBF124_G-C0VN9ACXX.3.bam.cip,EGAF00000879331
SJCBF124,G,C0VN9ACXX,4,SJCBF124_G-C0VN9ACXX.4.bam.cip,EGAF00000879332
SJCBF125,D,C0VN9ACXX,3,SJCBF125_D-C0VN9ACXX.3.bam.cip,EGAF00000879333
SJCBF125,D,C0VN9ACXX,4,SJCBF125_D-C0VN9ACXX.4.bam.cip,EGAF00000879334
SJCBF125,G,C0VN9ACXX,3,SJCBF125_G-C0VN9ACXX.3.bam.cip,EGAF00000879335
SJCBF125,G,C0VN9ACXX,4,SJCBF125_G-C0VN9ACXX.4.bam.cip,EGAF00000879336
SJCBF137,D,C0PAYACXX,1,SJCBF137_D-C0PAYACXX.1.bam.cip,EGAF00000879337
SJCBF137,D,C0PAYACXX,2,SJCBF137_D-C0PAYACXX.2.bam.cip,EGAF00000879338
SJCBF137,D,D12RGACXX,5,SJCBF137_D-D12RGACXX.5.bam.cip,EGAF00000879339
SJCBF137,G,C0PAYACXX,3,SJCBF137_G-C0PAYACXX.3.bam.cip,EGAF00000879340
SJCBF137,G,C0PAYACXX,4,SJCBF137_G-C0PAYACXX.4.bam.cip,EGAF00000879341
SJCBF138,D,C0PAYACXX,3,SJCBF138_D-C0PAYACXX.3.bam.cip,EGAF00000879342
SJCBF138,D,C0PAYACXX,4,SJCBF138_D-C0PAYACXX.4.bam.cip,EGAF00000879343
SJCBF138,G,C0PAYACXX,3,SJCBF138_G-C0PAYACXX.3.bam.cip,EGAF00000879344
SJCBF138,G,C0PAYACXX,4,SJCBF138_G-C0PAYACXX.4.bam.cip,EGAF00000879345
SJCBF138,G,D12RGACXX,6,SJCBF138_G-D12RGACXX.6.bam.cip,EGAF00000879346
SJCBF139,D,C0PAYACXX,3,SJCBF139_D-C0PAYACXX.3.bam.cip,EGAF00000879347
SJCBF139,D,C0PAYACXX,4,SJCBF139_D-C0PAYACXX.4.bam.cip,EGAF00000879348
SJCBF139,G,C0PAYACXX,3,SJCBF139_G-C0PAYACXX.3.bam.cip,EGAF00000879349
SJCBF139,G,C0PAYACXX,4,SJCBF139_G-C0PAYACXX.4.bam.cip,EGAF00000879350
SJCBF140,D,C0PAYACXX,3,SJCBF140_D-C0PAYACXX.3.bam.cip,EGAF00000879351
SJCBF140,D,C0PAYACXX,4,SJCBF140_D-C0PAYACXX.4.bam.cip,EGAF00000879352
SJCBF140,G,C0PAYACXX,5,SJCBF140_G-C0PAYACXX.5.bam.cip,EGAF00000879353
SJCBF140,G,C0PAYACXX,6,SJCBF140_G-C0PAYACXX.6.bam.cip,EGAF00000879354
SJCBF141,D,C0PAYACXX,5,SJCBF141_D-C0PAYACXX.5.bam.cip,EGAF00000879355
SJCBF141,D,C0PAYACXX,6,SJCBF141_D-C0PAYACXX.6.bam.cip,EGAF00000879356
SJCBF141,G,C0PAYACXX,5,SJCBF141_G-C0PAYACXX.5.bam.cip,EGAF00000879357
SJCBF141,G,C0PAYACXX,6,SJCBF141_G-C0PAYACXX.6.bam.cip,EGAF00000879358
SJCBF142,D,C0PAYACXX,5,SJCBF142_D-C0PAYACXX.5.bam.cip,EGAF00000879359
SJCBF142,D,C0PAYACXX,6,SJCBF142_D-C0PAYACXX.6.bam.cip,EGAF00000879360
SJCBF142,G,C0PAYACXX,5,SJCBF142_G-C0PAYACXX.5.bam.cip,EGAF00000879361
SJCBF142,G,C0PAYACXX,6,SJCBF142_G-C0PAYACXX.6.bam.cip,EGAF00000879362
SJCBF143,D,C0PAYACXX,5,SJCBF143_D-C0PAYACXX.5.bam.cip,EGAF00000879363
SJCBF143,D,C0PAYACXX,6,SJCBF143_D-C0PAYACXX.6.bam.cip,EGAF00000879364
SJCBF143,G,C0PAYACXX,7,SJCBF143_G-C0PAYACXX.7.bam.cip,EGAF00000879365
SJCBF143,G,C0PAYACXX,8,SJCBF143_G-C0PAYACXX.8.bam.cip,EGAF00000879366
SJCBF143,G,D12RGACXX,6,SJCBF143_G-D12RGACXX.6.bam.cip,EGAF00000879367
SJCBF144,D,C0PAYACXX,7,SJCBF144_D-C0PAYACXX.7.bam.cip,EGAF00000879368
SJCBF144,D,C0PAYACXX,8,SJCBF144_D-C0PAYACXX.8.bam.cip,EGAF00000879369
SJCBF144,G,C0PAYACXX,7,SJCBF144_G-C0PAYACXX.7.bam.cip,EGAF00000879370
SJCBF144,G,C0PAYACXX,8,SJCBF144_G-C0PAYACXX.8.bam.cip,EGAF00000879371
SJCBF145,D,C0PAYACXX,7,SJCBF145_D-C0PAYACXX.7.bam.cip,EGAF00000879372
SJCBF145,D,C0PAYACXX,8,SJCBF145_D-C0PAYACXX.8.bam.cip,EGAF00000879373
SJCBF145,G,C0PAYACXX,7,SJCBF145_G-C0PAYACXX.7.bam.cip,EGAF00000879374
SJCBF145,G,C0PAYACXX,8,SJCBF145_G-C0PAYACXX.8.bam.cip,EGAF00000879375
SJCBF146,D,C0PAYACXX,7,SJCBF146_D-C0PAYACXX.7.bam.cip,EGAF00000879376
SJCBF146,D,C0PAYACXX,8,SJCBF146_D-C0PAYACXX.8.bam.cip,EGAF00000879377
SJCBF146,G,D11PBACXX,1,SJCBF146_G-D11PBACXX.1.bam.cip,EGAF00000879378
SJCBF146,G,D11PBACXX,2,SJCBF146_G-D11PBACXX.2.bam.cip,EGAF00000879379
SJCBF147,D,D11PBACXX,1,SJCBF147_D-D11PBACXX.1.bam.cip,EGAF00000879380
SJCBF147,D,D11PBACXX,2,SJCBF147_D-D11PBACXX.2.bam.cip,EGAF00000879381
SJCBF147,G,D11PBACXX,1,SJCBF147_G-D11PBACXX.1.bam.cip,EGAF00000879382
SJCBF147,G,D11PBACXX,2,SJCBF147_G-D11PBACXX.2.bam.cip,EGAF00000879383
SJCBF148,D,D11PBACXX,1,SJCBF148_D-D11PBACXX.1.bam.cip,EGAF00000879384
SJCBF148,D,D11PBACXX,2,SJCBF148_D-D11PBACXX.2.bam.cip,EGAF00000879385
SJCBF148,G,D12JLAXX.,.,SJCBF148_G-D12JLAXX.1.bam.cip,EGAF00000879386
SJCBF148,G,D12JLAXX.,.,SJCBF148_G-D12JLAXX.2.bam.cip,EGAF00000879387
SJCBF149,D,D11PBACXX,1,SJCBF149_D-D11PBACXX.1.bam.cip,EGAF00000879388
SJCBF149,D,D11PBACXX,2,SJCBF149_D-D11PBACXX.2.bam.cip,EGAF00000879389
SJCBF149,G,D12JLAXX.,.,SJCBF149_G-D12JLAXX.1.bam.cip,EGAF00000879390
SJCBF149,G,D12JLAXX.,.,SJCBF149_G-D12JLAXX.2.bam.cip,EGAF00000879391
SJCBF150,D,D11PBACXX,1,SJCBF150_D-D11PBACXX.1.bam.cip,EGAF00000879392
SJCBF150,D,D11PBACXX,2,SJCBF150_D-D11PBACXX.2.bam.cip,EGAF00000879393
SJCBF150,G,D12JLAXX.,.,SJCBF150_G-D12JLAXX.1.bam.cip,EGAF00000879394
SJCBF150,G,D12JLAXX.,.,SJCBF150_G-D12JLAXX.2.bam.cip,EGAF00000879395
SJCBF151,D,D11PBACXX,3,SJCBF151_D-D11PBACXX.3.bam.cip,EGAF00000879396
SJCBF151,D,D11PBACXX,4,SJCBF151_D-D11PBACXX.4.bam.cip,EGAF00000879397
SJCBF151,G,D12JLAXX.,.,SJCBF151_G-D12JLAXX.1.bam.cip,EGAF00000879398
SJCBF151,G,D12JLAXX.,.,SJCBF151_G-D12JLAXX.2.bam.cip,EGAF00000879399
SJCBF152,D,D11PBACXX,3,SJCBF152_D-D11PBACXX.3.bam.cip,EGAF00000879400
SJCBF152,D,D11PBACXX,4,SJCBF152_D-D11PBACXX.4.bam.cip,EGAF00000879401
SJCBF152,G,D12JLAXX.,.,SJCBF152_G-D12JLAXX.1.bam.cip,EGAF00000879402
SJCBF152,G,D12JLAXX.,.,SJCBF152_G-D12JLAXX.2.bam.cip,EGAF00000879403
